id,name,email,status,created_at
1,User1,user1@test.com,active,2024-01-01
2,User2,user2@test.com,inactive,2024-01-02
3,User3,user3@test.com,active,2024-01-03
4,User4,user4@test.com,inactive,2024-01-04
5,User5,user5@test.com,active,2024-01-05
6,User6,user6@test.com,inactive,2024-01-06
7,User7,user7@test.com,active,2024-01-07
8,User8,user8@test.com,inactive,2024-01-08
9,User9,user9@test.com,active,2024-01-09
10,User10,user10@test.com,inactive,2024-01-10
11,User11,user11@test.com,active,2024-01-11
12,User12,user12@test.com,inactive,2024-01-12
13,User13,user13@test.com,active,2024-01-13
14,User14,user14@test.com,inactive,2024-01-14
15,User15,user15@test.com,active,2024-01-15
16,User16,user16@test.com,inactive,2024-01-16
17,User17,user17@test.com,active,2024-01-17
18,User18,user18@test.com,inactive,2024-01-18
19,User19,user19@test.com,active,2024-01-19
20,User20,user20@test.com,inactive,2024-01-20
21,User21,user21@test.com,active,2024-01-21
22,User22,user22@test.com,inactive,2024-01-22
23,User23,user23@test.com,active,2024-01-23
24,User24,user24@test.com,inactive,2024-01-24
25,User25,user25@test.com,active,2024-01-25
26,User26,user26@test.com,inactive,2024-01-26
27,User27,user27@test.com,active,2024-01-27
28,User28,user28@test.com,inactive,2024-01-28
29,User29,user29@test.com,active,2024-01-01
30,User30,user30@test.com,inactive,2024-01-02
31,User31,user31@test.com,active,2024-01-03
32,User32,user32@test.com,inactive,2024-01-04
33,User33,user33@test.com,active,2024-01-05
34,User34,user34@test.com,inactive,2024-01-06
35,User35,user35@test.com,active,2024-01-07
36,User36,user36@test.com,inactive,2024-01-08
37,User37,user37@test.com,active,2024-01-09
38,User38,user38@test.com,inactive,2024-01-10
39,User39,user39@test.com,active,2024-01-11
40,User40,user40@test.com,inactive,2024-01-12
41,User41,user41@test.com,active,2024-01-13
42,User42,user42@test.com,inactive,2024-01-14
43,User43,user43@test.com,active,2024-01-15
44,User44,user44@test.com,inactive,2024-01-16
45,User45,user45@test.com,active,2024-01-17
46,User46,user46@test.com,inactive,2024-01-18
47,User47,user47@test.com,active,2024-01-19
48,User48,user48@test.com,inactive,2024-01-20
49,User49,user49@test.com,active,2024-01-21
50,User50,user50@test.com,inactive,2024-01-22
51,User51,user51@test.com,active,2024-01-23
52,User52,user52@test.com,inactive,2024-01-24
53,User53,user53@test.com,active,2024-01-25
54,User54,user54@test.com,inactive,2024-01-26
55,User55,user55@test.com,active,2024-01-27
56,User56,user56@test.com,inactive,2024-01-28
57,User57,user57@test.com,active,2024-01-01
58,User58,user58@test.com,inactive,2024-01-02
59,User59,user59@test.com,active,2024-01-03
60,User60,user60@test.com,inactive,2024-01-04
61,User61,user61@test.com,active,2024-01-05
62,User62,user62@test.com,inactive,2024-01-06
63,User63,user63@test.com,active,2024-01-07
64,User64,user64@test.com,inactive,2024-01-08
65,User65,user65@test.com,active,2024-01-09
66,User66,user66@test.com,inactive,2024-01-10
67,User67,user67@test.com,active,2024-01-11
68,User68,user68@test.com,inactive,2024-01-12
69,User69,user69@test.com,active,2024-01-13
70,User70,user70@test.com,inactive,2024-01-14
71,User71,user71@test.com,active,2024-01-15
72,User72,user72@test.com,inactive,2024-01-16
73,User73,user73@test.com,active,2024-01-17
74,User74,user74@test.com,inactive,2024-01-18
75,User75,user75@test.com,active,2024-01-19
76,User76,user76@test.com,inactive,2024-01-20
77,User77,user77@test.com,active,2024-01-21
78,User78,user78@test.com,inactive,2024-01-22
79,User79,user79@test.com,active,2024-01-23
80,User80,user80@test.com,inactive,2024-01-24
81,User81,user81@test.com,active,2024-01-25
82,User82,user82@test.com,inactive,2024-01-26
83,User83,user83@test.com,active,2024-01-27
84,User84,user84@test.com,inactive,2024-01-28
85,User85,user85@test.com,active,2024-01-01
86,User86,user86@test.com,inactive,2024-01-02
87,User87,user87@test.com,active,2024-01-03
88,User88,user88@test.com,inactive,2024-01-04
89,User89,user89@test.com,active,2024-01-05
90,User90,user90@test.com,inactive,2024-01-06
91,User91,user91@test.com,active,2024-01-07
92,User92,user92@test.com,inactive,2024-01-08
93,User93,user93@test.com,active,2024-01-09
94,User94,user94@test.com,inactive,2024-01-10
95,User95,user95@test.com,active,2024-01-11
96,User96,user96@test.com,inactive,2024-01-12
97,User97,user97@test.com,active,2024-01-13
98,User98,user98@test.com,inactive,2024-01-14
99,User99,user99@test.com,active,2024-01-15
100,User100,user100@test.com,inactive,2024-01-16
